Intensity_S2	Intensity_S3	Intensity_S1	Intensity_S4
BGAL	0	220990.40625	8075817.73438	63412025.64063
LYSC	0	173280.28125	1956834.5625	10464731.15625
ASPNC	0	0	323681.4375	15082566.78125
PROTEING	0	1104327.875	3519227.3125	19065622.125
